name,phone,address,website,rating,reviews,place_id,source
"SKA Law Group, LLC",(267) 265-4553,"1518 Walnut St # 808, Philadelphia, PA 19102, USA",https://www.legalphilly.com/,5,375,ChIJATCdEC7GxokRgZBiD2rjFiY,TextSearch(New)+Details(New)
Goldstein Mehta LLC,(267) 225-2545,"1717 Arch St Unit 320, Philadelphia, PA 19103, USA",https://goldsteinmehta.com/,4.9,165,ChIJdfu97iXGxokR1Y9___Ci1wk,TextSearch(New)+Details(New)
The Town Law LLC,(215) 307-5504,"1650 Market St Ste 3669, Philadelphia, PA 19103, USA",https://www.thetownlaw.com/?utm_source=google-local&utm_medium=organic&utm_campaign=2953,5,396,ChIJ1SW9TaDHxokRmvADMaJ5OSo,TextSearch(New)+Details(New)
The Zeiger Firm,(215) 309-9753,"1500 John F Kennedy Blvd #620a, Philadelphia, PA 19102, USA",https://brianzeiger.com/?utm_source=google&utm_medium=local&utm_campaign=philadelphia-gmb&utm_id=GMB,5,58,ChIJN3xTsTHGxokRRhPYKy7zQ3g,TextSearch(New)+Details(New)
Fienman Defense LLC,(215) 344-7351,"1608 Walnut St # 900, Philadelphia, PA 19103, USA",https://www.philadelphiacriminalattorney.com/?utm_source=google&utm_medium=maps&utm_campaign=philadelphia&st-t=philadelphia,4.9,115,ChIJ6RMcdjDGxokRNa5-7PRc9_I,TextSearch(New)+Details(New)
Coleman Defense LLC,(215) 564-1634,"1717 Arch St Unit 320, Philadelphia, PA 19103, USA",https://www.philadelphiadefense.com/,4.9,173,ChIJ__9vlC_GxokRKTQ5e4B1L7c,TextSearch(New)+Details(New)
"Law Offices of M.J. Snyder, LLC",(215) 515-3360,"1500 Walnut St 7th Floor, Philadelphia, PA 19102, USA",https://www.snyderlawyer.com/?utm_source=google&utm_medium=organic&utm_campaign=gmb-listing,4.9,156,ChIJ_0tTuy_GxokRzjvvjVDSFBE,TextSearch(New)+Details(New)
"Kenny, Burns & McGill",(215) 423-5500,"1500 John F Kennedy Blvd # 520, Philadelphia, PA 19102, USA",https://www.kennyburnsmcgill.com/,4.8,256,ChIJz6UEvjHGxokRvPt98ic45yc,TextSearch(New)+Details(New)
Liberty Law Team,(215) 826-3314,"1515 Market St #1200, Philadelphia, PA 19102, USA",https://www.philadelphiacriminallawyers.com/,4.9,321,ChIJeVw8VSXGxokRamVzpThzoLY,TextSearch(New)+Details(New)
"Amato T. Sanita, Esq.",(267) 738-7766,"1518 Walnut St #807, Philadelphia, PA 19102, USA",https://www.pennsylvaniacriminallawyer.com/,4.9,53,ChIJOZBAxDHGxokRbbNYDhw7LfM,TextSearch(New)+Details(New)
Wimmer Criminal Defense Law,(215) 712-1212,"123 S Broad St Ste 2037, Philadelphia, PA 19109, USA",https://www.wimmercriminaldefense.com/,5,70,ChIJmUH7rjDGxokR9kS9mnAAKAA,TextSearch(New)+Details(New)
The Law Offices of Steven Kellis,(215) 940-1200,"1500 John F Kennedy Blvd Suite 900-A, Philadelphia, PA 19102, USA",https://www.pennsylvania-dui-lawyer.com/,4.6,56,ChIJATCdEC7GxokRdwyv5mMDmrk,TextSearch(New)+Details(New)
The Law Offices of John Della Rocca,(215) 564-5647,"1500 John F Kennedy Blvd # 520, Philadelphia, PA 19102, USA",https://www.theduidefenseguy.com/?utm_source=google-local&utm_medium=organic&utm_campaign=999,4.9,58,ChIJC9PnyzHGxokRDJfXfybt-ko,TextSearch(New)+Details(New)
Hark and Hark,(215) 665-0766,"The Times Building, 32 Parking Plza Unit 401, Ardmore, PA 19003, USA",https://www.phila-criminal-lawyer.com/,4.9,157,ChIJKWpTuy_GxokRRnM-BaVKppE,TextSearch(New)+Details(New)
"Andrew Gay, Jr. - Criminal Defense | Personal Injury",(215) 545-7110,"1518 Walnut St #807, Philadelphia, PA 19102, USA",https://www.philacriminaldefenselawyer.com/,4.8,141,ChIJCyVIaYrHxokR1YG-3xB_J0w,TextSearch(New)+Details(New)
"Lloyd Long, Criminal Defense Attorney",(215) 666-0381,"1845 Walnut St #525, Philadelphia, PA 19103, USA",https://www.philadelphiacriminallawyers.com/?utm_source=GMB&utm_medium=Organic,4.7,30,ChIJdfu97iXGxokRt93k6yb1H74,TextSearch(New)+Details(New)
D'Intino Law Firm LLC,(267) 491-9111,"200 S Broad St Suite 610, Philadelphia, PA 19102, USA",https://dintinolaw.com/,4.9,91,ChIJQ2NsjkPHxokRKL79ObmIb0s,TextSearch(New)+Details(New)
"van der Veen, Hartshorn, Levin & Lindheim",(215) 585-2837,"1219 Spruce St, Philadelphia, PA 19107, USA",https://www.mtvlaw.com/philadelphia-criminal-defense-lawyer/?utm_source=google&utm_medium=organic&utm_campaign=gbpphillyCD,4.7,434,ChIJh5IatiXGxokRZWUQsOyr16Q,TextSearch(New)+Details(New)
The Fishman Firm,(267) 758-2228,"100 S Broad St #1910, Philadelphia, PA 19110, USA",https://www.thefishmanfirm.com/,4.8,90,ChIJATCdEC7GxokRFSZg7RSte5c,TextSearch(New)+Details(New)
The Law Office of David M. Walker,(215) 893-0500,"1420 Walnut St #911, Philadelphia, PA 19102, USA",http://www.walkerdefense.com/,4.9,60,ChIJ2eRWVyXGxokRK6O8VJaZO1o,TextSearch(New)+Details(New)
"The Law Offices of Joseph Lesniak, LLC",(484) 444-2348,"334 W Front St, Media, PA 19063, USA",https://www.jpllaw.net/,4.9,63,ChIJDZYmkQjpxokR1Il91UCTRNc,TextSearch(New)+Details(New)
"Zachary B. Cooper, Attorney at Law, P.C.",(215) 542-0800,"790 Penllyn Blue Bell Pike #206, Blue Bell, PA 19422, USA",https://www.pennsylvaniaduilawyers.com/?utm_source=google&utm_medium=local,5,353,ChIJGbOWub28xokR7R32tfgevsA,TextSearch(New)+Details(New)
Fienman Defense LLC,(610) 541-2478,"450 N Narberth Ave # 200, Narberth, PA 19072, USA",https://www.philadelphiacriminalattorney.com/montgomery-county/?utm_source=google&utm_medium=maps&utm_campaign=bluebell&st-t=bluebell,4.9,53,ChIJn9UBh1-8xokRmvFDCKY44xc,TextSearch(New)+Details(New)
"Parkinson, Tarpey Law",(215) 352-3432,"1315 Walnut St #1605, Philadelphia, PA 19107, USA",https://www.phillydefenseattorneys.com/,4.9,35,ChIJAWjsEC7GxokR3S8_94r5uVY,TextSearch(New)+Details(New)
"Law Offices of Richard J. Fuschino, Jr.",(215) 515-8600,"1600 Locust St, Philadelphia, PA 19103, USA",https://aggressivedefense.com/?utm_source=google&utm_medium=organic&utm_campaign=seolocale,4.4,23,ChIJGQA86zrGxokRjrhhEnoZZ_0,TextSearch(New)+Details(New)
Benari Law Group,(610) 566-1006,"1 Veterans Sq. #200, Media, PA 19063, USA",https://benarilaw.com/?utm_source=google&utm_campaign=GMB&utm_content=Media,4.9,400,ChIJzQhWBqjpxokRhyoTYS6KVjM,TextSearch(New)+Details(New)
Saadzoi Law,(610) 566-5956,"115 W State St #403, Media, PA 19063, USA",https://saadzoilaw.com/criminal-lawyer-delaware-county-pa/,5,305,ChIJ5yZTmQjpxokRF5Qi9fDTYOU,TextSearch(New)+Details(New)
Law Offices of Sheikh Irfan Afzal,(484) 273-0699,"319 S 69th St 2nd floor, Suite 4, Upper Darby Township, PA 19082, USA",http://www.sirfanlawoffice.com/,4.9,198,ChIJD9gYKmDBxokR-9EYIf4YVeA,TextSearch(New)+Details(New)
Stephen Stewart Law,(215) 650-6500,"29 E Marshall St, Norristown, PA 19401, USA",https://www.stephenstewartlaw.com/,4.9,123,ChIJjYNOovKXxokRsbq-kOHgKRo,TextSearch(New)+Details(New)
"Link Law, LLC (R. Patrick Link)",(267) 858-4774,"100 S Broad St #1910, Philadelphia, PA 19110, USA",https://linklawphilly.com/?link_source=g+,4.6,59,ChIJOc4wjTHGxokRlnArOo7SK-0,TextSearch(New)+Details(New)
Law Office of Michael F. Niznik,(267) 589-0601,"1500 Walnut St # 900, Philadelphia, PA 19102, USA",http://www.nizniklaw.com/,4.9,96,ChIJ9bG4rTrGxokRsbxeJQgtpeA,TextSearch(New)+Details(New)
"Law Offices of Shaka Johnson, LLC",(215) 732-7900,"1333 Christian St, Philadelphia, PA 19147, USA",http://www.shakajohnsonlaw.com/,4.5,227,ChIJdU7M9y_GxokRz50rsYzWA0g,TextSearch(New)+Details(New)
The Law Office of Jason C. Kadish,(215) 231-9844,"1500 John F Kennedy Blvd #1723b, Philadelphia, PA 19102, USA",http://www.kadish.lawyer/,4.9,16,ChIJfSpoGS7GxokRNU-7HjsLetQ,TextSearch(New)+Details(New)
NiaLena Caravasos Esq,(215) 925-5200,"123 S Broad St #1845, Philadelphia, PA 19109, USA",https://nialena.com/,4.8,28,ChIJ-eu6G4PIxokRj2u1V7OsgOA,TextSearch(New)+Details(New)
Hughes Law LLC,(215) 454-6680,"1315 Walnut St Suite 803, Philadelphia, PA 19107, USA",https://www.philadelphiacriminallawyers.pro/?utm_source=gmb&utm_medium=local&utm_campaign=website,4.6,100,ChIJXwZjrjDGxokRWDcTxgY_h4s,TextSearch(New)+Details(New)
Law Office of Steven F. O'Meara,(610) 557-3907,"14 S Orange St, Media, PA 19063, USA",https://stevenomearalaw.com/?utm_source=google&utm_medium=organic&utm_campaign=gmb,4.8,63,ChIJ8_3WvAjpxokRvqr5d9_Qa24,TextSearch(New)+Details(New)
Law Offices of Dizengoff and Yost,(267) 223-5862,"1117 E Passyunk Ave, Philadelphia, PA 19147, USA",https://www.hunteryostlaw.com/,4.8,578,ChIJVVWlN07LxokRJCnztLJCGrY,TextSearch(New)+Details(New)
Latoison Law,(610) 999-1439,"8 S Plum St, Media, PA 19063, USA",https://latoisonlaw.com/?utm_source=gmbmedia,4.9,329,ChIJ4aQaJAjpxokRtlKpC0qUaEE,TextSearch(New)+Details(New)
Fienman Defense LLC,(610) 910-8663,"119 N Olive St, Media, PA 19063, USA",https://www.philadelphiacriminalattorney.com/delaware-county/?utm_source=google&utm_medium=maps&utm_campaign=media&st-t=media,5,62,ChIJFxQzXAjpxokRpgs0Ic_ATDk,TextSearch(New)+Details(New)
Louis T Savino PC,(215) 568-1300,"1500 John F Kennedy Blvd #1516, Philadelphia, PA 19102, USA",,4.9,190,ChIJATCdEC7GxokR3o1VyBCWdMo,TextSearch(New)+Details(New)
Joseph Kelly Law Offices,(215) 426-5080,"2556 E Allegheny Ave, Philadelphia, PA 19134, USA",http://joekellyduilawyer.com/,4.6,159,ChIJ_1vimdPJxokR9GvEPZpTLbY,TextSearch(New)+Details(New)
Law Offices of Hope Lefeber,(610) 596-1880,"1500 John F Kennedy Blvd # 1205, Philadelphia, PA 19102, USA",https://www.hopelefeber.com/,5,27,ChIJATCdEC7GxokR4If8qZiY7Fw,TextSearch(New)+Details(New)
Gregory J Pagano Law Office,(215) 636-0160,"1315 Walnut St, Philadelphia, PA 19107, USA",http://www.paganolaw.net/,4.8,77,ChIJvav1hS_GxokRyY5moJ3zDnE,TextSearch(New)+Details(New)
Derek Steenson Attorney At Law,(215) 253-8658,"100 S Broad St Suite 812B, Philadelphia, PA 19110, USA",https://www.criminallawyerinphiladelphia.net/,4.3,34,ChIJQQfIVCXGxokRQVd3uANszGU,TextSearch(New)+Details(New)
Brennan Law Offices,(215) 568-1400,"1600 Locust St, Philadelphia, PA 19103, USA",https://www.philadelphiacriminallaw.com/?utm_source=google&utm_medium=organic&utm_campaign=seolocale,4.7,23,ChIJ8f4j0TPGxokRzGq6XsSAYTo,TextSearch(New)+Details(New)
Rooney Philly Lawyer,(215) 279-8400,"2401 Pennsylvania Ave #1C41, Philadelphia, PA 19130, USA",https://rooneyphillylawyer.com/,4.9,34,ChIJ654eHbbHxokR6t21weTaH0A,TextSearch(New)+Details(New)
Douglas Dolfman Attorney at Law,(215) 266-3696,"1617 John F Kennedy Blvd #2000, Philadelphia, PA 19103, USA",http://www.dolfmanlawyer.com/,4.5,51,ChIJH36T7THGxokR-GyoMTsVN24,TextSearch(New)+Details(New)
The Nenner Law Firm,(215) 564-0644,"123 S Broad St Suite 2145, Philadelphia, PA 19109, USA",https://www.nennerlaw.com/,5,19,ChIJcRk32i_GxokRtJqSNq2ECeE,TextSearch(New)+Details(New)
"Lawyer Michael Kotik, Esq",(215) 833-0133,"3331 Street Rd Suite 450, Bensalem, PA 19020, USA",https://buckscountycriminallawyers.com/,5,202,ChIJATCdEC7GxokR1uWznQ1ROdE,TextSearch(New)+Details(New)
"Jensen Bagnato, P.C.",(215) 546-4700,"1500 Walnut St Suite 1510, Philadelphia, PA 19102, USA",http://yourphiladelphialawyers.com/,4.8,292,ChIJh0fICzDGxokRKRsNY9fRH-M,TextSearch(New)+Details(New)
A Charles Peruto Jr,(215) 735-1010,"2016 Spruce St, Philadelphia, PA 19103, USA",http://www.peruto.com/,4.7,66,ChIJCRyxvzjGxokRRrjBfhZ-H7I,TextSearch(New)+Details(New)
Ellis Legal,(631) 972-8616,"100 S Broad St #1910, Philadelphia, PA 19110, USA",https://www.ellis-legal.com/,4.8,66,ChIJs2SZlkjHxokR4Wu7zv8IjR0,TextSearch(New)+Details(New)
The Law Offices of Brian E. Quinn,(215) 545-3338,"1420 Walnut St Suite 1200, Philadelphia, PA 19102, USA",https://www.brianequinndefense.com/?npcmp=dir:local:1999568:19102,4.9,119,ChIJTw5a9y_GxokRSqGf8DgAN_g,TextSearch(New)+Details(New)
"Amato T. Sanita, Esq",(267) 738-7766,"1518 Walnut St suite 808c, Philadelphia, PA 19102, USA",http://www.legalphilly.com/,5,12,ChIJhefn03utxokRLZ2huSuM59o,TextSearch(New)+Details(New)
"Law Offices Of Jason Pollack, Esq",(856) 563-8605,"211 S White Horse Pike, Audubon, NJ 08106, USA",https://www.sjattorney.net/,5,248,ChIJdelQLqTOxokR5VOLUa5k8Tg,TextSearch(New)+Details(New)
"Michael J. Diamondstein, P.C. Attorney At Law",(215) 940-2700,"1500 John F Kennedy Blvd STE 900, Philadelphia, PA 19102, USA",http://www.michaeldiamondstein.com,3.9,39,ChIJATCdEC7GxokRChYpO_gcswI,TextSearch(New)+Details(New)
"Law Office of John M. Walsh, PC",(215) 758-9200,"2016 Spruce St, Philadelphia, PA 19103, USA",http://www.myphillydefense.com/,4.8,20,ChIJCRyxvzjGxokRSp1GtTzVbqw,TextSearch(New)+Details(New)
"Velter Yurovsky Zoftis Sokolson, LLC",(215) 969-3004,"1111 Street Rd #305, Southampton, PA 18966, USA",https://www.vyzlaw.com/,4.8,177,ChIJzVJAErmtxokRpbB6EZGdNes,TextSearch(New)+Details(New)
"DiCindio Law, LLC",(610) 486-3458,"29 S Walnut St, West Chester, PA 19382, USA",https://www.dicindiolaw.com/,5,162,ChIJwyKwDaqSxokRQMg5eRKGICw,TextSearch(New)+Details(New)
"Mincey Fitzpatrick Ross, LLC",(215) 550-1999,"Liberty Place, 1650 Market St suite 3600, Philadelphia, PA 19103, USA",https://www.minceyfitzross.com/,3.7,16,ChIJt6cdGS7GxokRO5BfTbyi7JY,TextSearch(New)+Details(New)
Martinicchio Criminal Defense Group,(610) 614-9014,"334 W Front St #103, Media, PA 19063, USA",https://martinicchiocriminaljusticelaw.com/criminal-defense-lawyer-media-pa/,5,16,ChIJT6fZVFHpxokR6WuLLKfLggU,TextSearch(New)+Details(New)
The McGarrigle Law Firm,(610) 566-3010,"117-119 N Olive St, Media, PA 19063, USA",http://www.mcgarriglelawfirm.com/,4.6,76,ChIJFxQzXAjpxokRQ8ZDXngzIXg,TextSearch(New)+Details(New)
"James H. Bonner, Criminal & DUI Defense Lawyer",(610) 450-4555,"8 W Front St, Media, PA 19063, USA",http://www.bonnerlaw.net/,4.7,67,ChIJG1W2hRfpxokROIA6xmms3s0,TextSearch(New)+Details(New)
Kevin O'Neill Law,(610) 566-0500,"215 N Olive St Suite 201, Media, PA 19063, USA",http://kevinoneilllaw.net/,4.6,20,ChIJcaycUQjpxokRrIHZRAvlFOs,TextSearch(New)+Details(New)
Giribaldi Law,(610) 891-8303,"117 N Olive St, Media, PA 19063, USA",http://www.giribaldiandmanaras.com/,4.7,46,ChIJfzeTXwjpxokRibXj9IxELnA,TextSearch(New)+Details(New)
"Giaramita Law Offices, P.C. | The Gun Law Firm",(484) 558-0076,"101 West Chester Pike #1a, Havertown, PA 19083, USA",http://www.glawpa.com/,4.9,141,ChIJuy0ASczpyIkRFpnpy-onFvw,TextSearch(New)+Details(New)
"Bauer, Scanlon, & Wigginton L.L.C.",(610) 590-5092,"112 W Front St First Floor, Media, PA 19063, USA",https://bswlawyers.com/,5,32,ChIJa7RQoGnpxokR2M4NizItqVc,TextSearch(New)+Details(New)
David Clark Attorney at Law,(215) 874-6280,"24 Veterans Sq. Suite 200, Media, PA 19063, USA",https://criminallawpennsylvania.com/delaware-county-criminal/?utm_source=GMBlisting&utm_medium=organic,5,2,ChIJ401mxN3pxokRndhat0RD85w,TextSearch(New)+Details(New)
Skinner Law Firm,(610) 708-1352,"15 W Gay St Ste 1, West Chester, PA 19380, USA",https://www.skinnerlawfirm.net/?utm_source=google&utm_medium=maps&utm_campaign=westchester&st-t=westchester,4.9,92,ChIJUzYWhEbxxokRKfqVPePgwSY,TextSearch(New)+Details(New)
Keller Lisgar & Williams LLP,(610) 449-1400,"101 Darby Rd, Havertown, PA 19083, USA",http://klwllp.com/,4.6,69,ChIJW_LmrKnBxokRVrJaZ9H9rnU,TextSearch(New)+Details(New)
Ciccarelli Law Offices,(610) 692-8700,"304 N High St, West Chester, PA 19380, USA",https://www.ciccarelli.com/?utm_source=google&utm_medium=organic&utm_campaign=gmb,4.9,383,ChIJteASwj2UxokRz-nJO8X5xNk,TextSearch(New)+Details(New)
Law Offices of Lonny Fish,(484) 301-2770,"225 Wilmington West Chester Pike #202, Chadds Ford, PA 19317, USA",http://www.findchestercountylawyer.com/,4.3,11,ChIJ0W6irKr7xokRqsqyJwSk498,TextSearch(New)+Details(New)
Ciarrocchi Law,(610) 502-3300,"104 W Front St, Media, PA 19063, USA",https://www.ciarrocchilaw.com/?utm_source=google&utm_campaign=GMB&utm_content=Media,5,60,ChIJIThk07fpxokRFsLWMvcG_Es,TextSearch(New)+Details(New)
"Christopher A. Hemmel, Esq.",(610) 724-3382,"1489 Baltimore Pike #201, Springfield, PA 19064, USA",http://www.chrishemmel.com/,5,1,ChIJs43RZ5DCxokRAC6jCKnJjVw,TextSearch(New)+Details(New)
Schuster Law,(610) 601-2980,"334 W Front St, Media, PA 19063, USA",https://www.schusterlaw.com/media/,4.5,75,ChIJGxEYswjpxokR1EX5-HE-cwc,TextSearch(New)+Details(New)
Mark P. Much,(610) 565-9750,"341 W Baltimore Ave, Media, PA 19063, USA",https://muchlawoffice.com/,4.6,37,ChIJg-E-6AXpxokR8HOS9fvS03M,TextSearch(New)+Details(New)
"Law Offices of Spadea & Associates, LLC",(610) 521-0604,"1300 MacDade Boulevard Suite 1, Folsom, PA 19033, USA",http://www.spadealawfirm.com/,4.7,127,ChIJTVmZkr_CxokRc4vrwsDQRYc,TextSearch(New)+Details(New)
Robert Deluca & Associates,(610) 924-0999,"959 West Chester Pike, Havertown, PA 19083, USA",,3.8,32,ChIJz63ZMLHBxokR-fSx4q2e8QE,TextSearch(New)+Details(New)
Law Offices of Stephen Molineux,(610) 534-3276,"227 MacDade Blvd, Darby, PA 19023, USA",http://www.molineuxlaw.com/,4.4,14,ChIJLdTMT-rDxokRzh6uXO_owlg,TextSearch(New)+Details(New)
Thompson & Donati Law,(610) 726-0502,"110 W Front St, Media, PA 19063, USA",https://thompsonanddonatilaw.com/?utm_campaign=gmb,4.6,53,ChIJTRQgTQTpxokR4vvkDHC_wVw,TextSearch(New)+Details(New)
The Griffin Law Group,,"110 W Front St, Media, PA 19063, USA",http://thegriffinlawgroup.com/,5,1,ChIJ-RcCv-_pxokRQV8HmvSvkh8,TextSearch(New)+Details(New)
Kusturiss Law,(610) 565-0240,"323 E Front St, Media, PA 19063, USA",,4.2,9,ChIJWaRwPabpxokRd9HU8_ly7n0,TextSearch(New)+Details(New)
"Mosser Legal, PLLC",(445) 221-2070,"936 County Line Rd Second Floor, Bryn Mawr, PA 19010, USA",https://www.mosserappeals.com/,4.6,18,ChIJN05AHy7GxokRvXQpK-gH940,TextSearch(New)+Details(New)
"Jason R. Antoine, Attorney at Law",(302) 482-4802,"1702 Kirkwood Hwy Ste 102, Wilmington, DE 19805, USA",https://www.antoinelaw.pro/?utm_source=google&utm_medium=local,4.6,57,ChIJT60RaBD9xokR_eCE--jAA3U,TextSearch(New)+Details(New)
Crawford Law,(877) 992-6311,"55 N Lansdowne Ave, Lansdowne, PA 19050, USA",,2.2,5,ChIJ8SK2nafpxokR2XHstvVhve4,TextSearch(New)+Details(New)
Law Office of Vincent J. Caputo,(610) 696-7422,"212 W Gay St, West Chester, PA 19380, USA",https://www.vincentjcaputo.com/,4.5,44,ChIJjSnJ80TxxokR26e0JHVoKVk,TextSearch(New)+Details(New)